X center,Y center,Velocity,Movement(Moving / Center-point),Movement(Not Moving / Center-point),Acceleration state(Center-point / High acceleration),Acceleration state(Center-point / Low acceleration),Rel_Time
-15.8592,-12.8618,1.39467,1,0,0,1,-5.0
-15.8133,-12.8628,1.37744,1,0,0,1,-4.966999999999999
-15.764,-12.892,1.71947,0,1,0,1,-4.933
-15.749,-12.9005,0.515651,0,1,0,1,-4.899999999999999
-15.9182,-13.0609,6.99328,1,0,0,1,-4.866999999999997
-16.0221,-13.119,3.57063,1,0,0,1,-4.832999999999998
-15.8944,-13.0849,3.96482,1,0,0,1,-4.799999999999997
-15.8462,-13.0937,1.47041,1,0,0,1,-4.767000000000003
-15.7345,-13.1122,3.39439,1,0,0,1,-4.732999999999997
-15.6691,-13.1418,2.15373,1,0,0,1,-4.700000000000003
-16.2405,-13.1205,17.1513,1,0,0,1,-4.667000000000002
-16.4616,-13.1296,6.63874,1,0,0,1,-4.633000000000003
-16.6431,-13.1378,5.453,1,0,0,1,-4.600000000000001
-16.9243,-13.323,10.099,1,0,0,1,-4.567
-17.0566,-13.35,4.05188,1,0,0,1,-4.533000000000001
-17.1469,-13.3924,2.99267,1,0,0,1,-4.5
-17.1774,-13.399,0.936655,1,0,0,1,-4.466999999999999
-16.4782,-13.3823,20.9814,1,0,0,1,-4.433
-16.3199,-13.2671,5.87388,1,0,0,1,-4.399999999999999
-16.1799,-13.178,4.97891,1,0,0,1,-4.366999999999997
-16.0866,-13.0833,3.98737,1,0,0,1,-4.332999999999998
-16.1374,-13.1782,3.23011,1,0,0,1,-4.299999999999997
-16.0548,-12.9858,6.28108,1,0,0,1,-4.267000000000003
-16.0902,-13.0713,2.77433,1,0,0,1,-4.232999999999997
-16.0699,-13.0944,0.923381,1,0,0,1,-4.200000000000003
-15.9947,-13.1097,2.3017,1,0,0,1,-4.167000000000002
-15.9666,-13.1919,2.6066,1,0,0,1,-4.133000000000003
-15.8074,-13.1595,4.87245,1,0,0,1,-4.100000000000001
-16.3663,-13.1675,16.7676,1,0,0,1,-4.067
-16.5241,-13.1528,4.7544,1,0,0,1,-4.033000000000001
-16.7873,-13.3584,10.0188,1,0,0,1,-4.0
-16.9438,-13.4147,4.98912,1,0,0,1,-3.9669999999999987
-16.1341,-13.3449,24.3826,1,0,0,1,-3.933
-16.2397,-13.4067,3.67259,1,0,0,1,-3.8999999999999986
-16.1863,-13.3725,1.90505,1,0,0,1,-3.8669999999999973
-16.1662,-13.3343,1.29378,1,0,0,1,-3.8329999999999984
-16.1539,-13.2823,1.60379,0,1,0,1,-3.799999999999997
-16.0953,-13.1344,4.77074,1,0,0,1,-3.767000000000003
-16.0839,-13.0632,2.16494,1,0,0,1,-3.732999999999997
-16.0462,-12.999,2.23154,1,0,0,1,-3.700000000000003
-16.0661,-13.1197,3.66728,1,0,0,1,-3.6670000000000016
-15.9102,-12.9646,6.59723,1,0,0,1,-3.6330000000000027
-15.8351,-13.0588,3.61513,1,0,0,1,-3.6000000000000014
-15.7929,-13.0712,1.31725,1,0,0,1,-3.567
-15.7568,-13.1181,1.77544,1,0,0,1,-3.5330000000000013
-15.9011,-13.1896,4.83047,1,0,0,1,-3.5
-15.8915,-13.1724,0.591903,1,0,0,1,-3.4669999999999987
-16.144,-13.2545,7.96658,1,0,0,1,-3.433
-16.4674,-13.3039,9.81408,1,0,0,1,-3.3999999999999986
-16.6757,-13.3248,6.28073,1,0,0,1,-3.3669999999999973
-16.4698,-12.9123,13.8305,1,0,0,1,-3.3329999999999984
-16.8652,-13.1276,13.5067,1,0,0,1,-3.299999999999997
-16.9911,-13.1926,4.2511,1,0,0,1,-3.267000000000003
-17.011,-13.3275,4.08891,1,0,0,1,-3.232999999999997
-17.3611,-13.6324,13.9278,1,0,0,1,-3.200000000000003
-17.4675,-13.8487,7.23202,1,0,0,1,-3.1670000000000016
-17.5527,-14.1128,8.32678,1,0,0,1,-3.1330000000000027
-17.6024,-14.2603,4.66704,1,0,0,1,-3.1000000000000014
-17.9047,-14.4306,10.4104,1,0,0,1,-3.067
-18.1424,-14.5389,7.83831,1,0,0,1,-3.0330000000000013
-18.4422,-14.5856,9.10113,1,0,0,1,-3.0
-18.7231,-14.6068,8.44973,1,0,0,1,-2.9669999999999987
-19.0657,-14.5691,10.3398,1,0,0,1,-2.933
-19.251,-14.5249,5.71763,1,0,0,1,-2.8999999999999986
-19.3127,-14.5014,1.98132,1,0,0,1,-2.8669999999999973
-19.2782,-14.463,1.54779,1,0,0,1,-2.8329999999999984
-19.2155,-14.3812,3.09371,1,0,0,1,-2.799999999999997
-19.1005,-14.3418,3.64506,1,0,0,1,-2.767000000000003
-19.0817,-14.4489,3.26374,1,0,0,1,-2.732999999999997
-19.1691,-14.4282,2.69714,1,0,0,1,-2.700000000000003
-19.0165,-14.5559,5.97004,1,0,0,1,-2.6670000000000016
-19.3801,-14.7821,12.8463,1,0,0,1,-2.6330000000000027
-19.5096,-14.8402,4.2591,1,0,0,1,-2.6000000000000014
-19.5508,-14.8275,1.29387,1,0,0,1,-2.567
-19.6746,-14.806,3.77036,1,0,0,1,-2.5330000000000013
-19.8635,-14.7248,6.1681,1,0,0,1,-2.5
-20.1036,-14.537,9.14337,1,0,0,1,-2.4669999999999987
-20.3932,-14.2466,12.3055,1,0,0,1,-2.433
-20.8246,-13.8987,16.6247,1,0,0,1,-2.3999999999999986
-21.0394,-13.5919,11.2374,1,0,0,1,-2.3669999999999973
-21.1879,-13.3261,9.13378,1,0,0,1,-2.3329999999999984
-21.3322,-13.0333,9.7919,1,0,0,1,-2.299999999999997
-21.5318,-12.7629,10.082,1,0,0,1,-2.267000000000003
-21.6251,-12.4004,11.2318,1,0,0,1,-2.232999999999997
-21.7154,-12.0513,10.8168,1,0,0,1,-2.200000000000003
-21.9291,-11.8651,8.50148,1,0,0,1,-2.1670000000000016
-22.0512,-11.5993,8.7762,1,0,0,1,-2.1330000000000027
-22.1176,-11.3881,6.6416,1,0,0,1,-2.1000000000000014
-22.2603,-11.0832,10.0986,1,0,0,1,-2.067
-22.3553,-10.7069,11.6442,1,0,0,1,-2.0330000000000013
-22.3982,-10.2295,14.3778,1,0,0,1,-2.0
-22.4394,-9.54738,20.5017,1,0,0,1,-1.9669999999999987
-23.0548,-8.90029,26.7903,1,0,0,1,-1.9329999999999998
-23.2866,-8.35649,17.7342,1,0,0,1,-1.8999999999999986
-23.5148,-7.88292,15.7706,1,0,0,1,-1.8669999999999973
-23.7146,-7.46192,13.9802,1,0,0,1,-1.8329999999999984
-22.3801,-5.35082,74.9259,1,0,0,0,-1.7999999999999972
-22.0039,-4.43989,29.566,1,0,0,1,-1.767000000000003
-21.6638,-3.82718,21.0245,1,0,0,1,-1.732999999999997
-21.4035,-3.08844,23.497,1,0,0,1,-1.7000000000000028
-21.2545,-2.5685,16.226,1,0,0,1,-1.6670000000000016
-21.2313,-2.12611,13.2901,1,0,0,1,-1.6330000000000027
-21.3782,-1.79146,10.9637,1,0,0,1,-1.6000000000000014
-21.6138,-1.43909,12.7169,1,0,0,1,-1.5670000000000002
-21.8719,-1.13806,11.8952,1,0,0,1,-1.5330000000000013
-22.2529,-2.00517,28.4136,1,0,0,1,-1.5
-22.4403,-2.0691,5.94256,1,0,0,1,-1.4669999999999987
-22.5791,-2.04928,4.20429,1,0,0,1,-1.4329999999999998
-22.6784,-1.90989,5.13398,1,0,0,1,-1.3999999999999986
-22.7183,-1.70863,6.15563,1,0,0,1,-1.3669999999999973
-22.687,-1.34247,11.0247,1,0,0,1,-1.3329999999999984
-22.5891,-0.871964,14.4174,1,0,0,1,-1.2999999999999972
-22.4813,-0.30454,17.3273,1,0,0,1,-1.267000000000003
-22.4099,0.295882,18.1398,1,0,0,1,-1.232999999999997
-22.2904,0.92826,19.3069,1,0,0,1,-1.2000000000000028
-22.2137,1.47311,16.5068,1,0,0,1,-1.1670000000000016
-22.1327,1.9203,13.6339,1,0,0,1,-1.1330000000000027
-22.0728,2.27992,10.9376,1,0,0,1,-1.1000000000000014
-22.0562,2.62338,10.3159,1,0,0,1,-1.0670000000000002
-22.0621,2.94436,9.63102,1,0,0,1,-1.0330000000000013
-22.1063,3.27202,9.91874,1,0,0,1,-1.0
-22.0566,4.20211,27.9426,1,0,0,1,-0.9669999999999987
-21.9884,4.65899,13.8584,1,0,0,1,-0.9329999999999998
-21.9743,5.14015,14.4412,1,0,0,1,-0.8999999999999986
-21.9363,5.57154,12.9916,1,0,0,1,-0.8669999999999973
-21.8347,5.94607,11.6418,1,0,0,1,-0.8329999999999984
-21.7256,6.30621,11.2893,1,0,0,1,-0.7999999999999972
-21.6258,6.62578,10.0437,1,0,0,1,-0.767000000000003
-21.582,6.91409,8.74848,1,0,0,1,-0.732999999999997
-21.5454,7.18898,8.31979,1,0,0,1,-0.7000000000000028
-21.5664,7.43926,7.53439,1,0,0,1,-0.6670000000000016
-21.6649,7.67285,7.60551,1,0,0,1,-0.6330000000000027
-21.7161,7.95559,8.62023,1,0,0,1,-0.6000000000000014
-21.6555,8.39287,13.2438,1,0,0,1,-0.5670000000000002
-21.6402,8.59622,6.11782,1,0,0,1,-0.5330000000000013
-21.631,8.88883,8.7824,1,0,0,1,-0.5
-21.5434,8.72189,5.6558,1,0,0,1,-0.46699999999999875
-21.4865,8.74412,1.83327,1,0,0,1,-0.43299999999999983
-21.4389,8.74165,1.43159,1,0,0,1,-0.3999999999999986
-21.3802,8.76145,1.85828,0,1,0,1,-0.36699999999999733
-21.3231,8.79905,2.05103,0,1,0,1,-0.3329999999999984
-21.2639,8.86955,2.76113,1,0,0,1,-0.29999999999999716
-21.169,9.05921,6.36166,1,0,0,1,-0.267000000000003
-21.0764,9.2487,6.32769,1,0,0,1,-0.232999999999997
-20.9615,9.48291,7.8258,1,0,0,1,-0.20000000000000284
-20.8001,9.77744,10.0763,1,0,0,1,-0.1670000000000016
-20.6361,10.1022,10.9149,1,0,0,1,-0.13300000000000267
-20.4979,10.4367,10.8582,1,0,0,1,-0.10000000000000142
-20.3718,10.7492,10.1077,1,0,0,1,-0.06700000000000017
-20.2629,11.0545,9.72488,1,0,0,1,-0.03300000000000125
-20.2131,11.4517,12.0085,1,0,0,1,0.0
-20.2268,11.5754,3.73498,1,0,0,1,0.03300000000000125
-20.2411,11.7214,4.40096,1,0,0,1,0.06700000000000017
-20.1983,11.6469,2.57861,1,0,0,1,0.10000000000000142
-20.296,11.8157,5.85033,1,0,0,1,0.13300000000000267
-20.247,11.9087,3.15384,1,0,0,1,0.1670000000000016
-20.1749,12.0299,4.23095,1,0,0,1,0.20000000000000284
-20.118,12.1404,3.72967,1,0,0,1,0.232999999999997
-20.0095,12.3606,7.3633,1,0,0,1,0.267000000000003
-19.8563,12.5074,6.36617,1,0,0,1,0.29999999999999716
-19.7901,12.6891,5.80158,1,0,0,1,0.3329999999999984
-19.7565,12.8647,5.36138,1,0,0,1,0.36699999999999733
-19.7229,13.0245,4.90145,1,0,0,1,0.3999999999999986
-19.6652,13.183,5.06051,1,0,0,1,0.43299999999999983
-19.697,13.1905,0.981441,1,0,0,1,0.46699999999999875
-19.6991,13.2314,1.22807,1,0,0,1,0.5
-19.7685,13.1512,3.18112,1,0,0,1,0.5330000000000013
-19.8509,13.1214,2.62774,1,0,0,1,0.5670000000000002
-19.9747,12.8229,9.6954,1,0,0,1,0.6000000000000014
-20.0015,12.6074,6.5165,1,0,0,1,0.6330000000000027
-20.0377,12.4584,4.59853,1,0,0,1,0.6670000000000016
-20.049,12.3257,3.99493,1,0,0,1,0.7000000000000028
-19.9427,12.2545,3.8406,1,0,0,1,0.732999999999997
-19.7115,12.6123,12.7777,1,0,0,1,0.767000000000003
-19.5657,12.8843,9.25998,1,0,0,1,0.7999999999999972
-19.6352,13.159,8.50027,1,0,0,1,0.8329999999999984
-19.6061,13.3347,5.34298,1,0,0,1,0.8669999999999973
-19.6489,13.287,1.92361,1,0,0,1,0.8999999999999986
-19.6226,13.6144,9.85357,1,0,0,1,0.9329999999999998
-19.6962,13.7222,3.91608,1,0,0,1,0.9669999999999987
-19.753,13.8051,3.01417,1,0,0,1,1.0
-19.4933,12.9388,27.1315,1,0,0,1,1.0330000000000013
-19.4813,12.5783,10.8183,1,0,0,1,1.0670000000000002
-19.3746,12.3216,8.3401,1,0,0,1,1.1000000000000014
-19.3889,12.2149,3.23152,1,0,0,1,1.1330000000000027
-19.4345,12.0856,4.11272,1,0,0,1,1.1670000000000016
-19.8219,12.7622,23.3923,1,0,0,1,1.2000000000000028
-19.9636,13.0041,8.40934,1,0,0,1,1.232999999999997
-20.0836,13.2422,7.99987,1,0,0,1,1.267000000000003
-20.1822,13.4521,6.95779,1,0,0,1,1.2999999999999972
-20.2552,13.6158,5.37464,1,0,0,1,1.3329999999999984
-20.2919,13.7248,3.45164,1,0,0,1,1.3669999999999973
-20.2852,13.8155,2.72744,1,0,0,1,1.3999999999999986
-20.2407,13.8818,2.39438,1,0,0,1,1.4329999999999998
-20.1836,13.9093,1.90244,1,0,0,1,1.4669999999999987
-20.1173,14.0215,3.90929,1,0,0,1,1.5
-19.9292,13.3624,20.562,1,0,0,1,1.5330000000000013
-20.1507,12.6623,22.0293,1,0,0,0,1.5670000000000002
-19.9087,13.5849,28.613,1,0,0,0,1.6000000000000014
-19.8384,13.7478,5.32445,1,0,0,0,1.6330000000000027
-19.7733,13.9038,5.06959,1,0,0,0,1.6670000000000016
-21.332,9.22833,147.854,1,0,0,0,1.7000000000000028
-20.6853,11.2276,63.0381,1,0,0,0,1.732999999999997
-19.2551,11.2252,42.9049,1,0,0,0,1.767000000000003
-20.1572,11.5904,29.1958,1,0,0,1,1.7999999999999972
-20.0696,11.6973,4.14601,1,0,0,1,1.8329999999999984
-18.1666,11.4551,57.5506,1,0,0,1,1.8669999999999973
-17.4576,11.5211,21.3592,1,0,0,1,1.8999999999999986
-16.9485,11.5785,15.372,1,0,0,1,1.9329999999999998
-16.7095,11.6108,7.23487,1,0,0,1,1.9669999999999987
-16.5307,11.6914,5.88344,1,0,0,1,2.0
-18.2076,11.8702,50.5932,1,0,0,0,2.0330000000000013
-18.7407,11.9403,16.13,1,0,0,0,2.067
-17.3914,11.7543,40.8619,1,0,0,0,2.1000000000000014
-17.3432,11.6534,3.35433,1,0,0,0,2.1330000000000027
-17.3544,11.5912,1.89531,1,0,0,0,2.1670000000000016
-17.4711,11.588,3.5019,1,0,0,0,2.200000000000003
-18.7309,11.9993,39.7573,1,0,0,0,2.232999999999997
-19.1739,12.1177,13.7559,1,0,0,1,2.267000000000003
-19.6505,11.761,17.859,1,0,0,1,2.299999999999997
-20.4972,11.5077,26.5126,1,0,0,1,2.3329999999999984
-20.3193,11.9021,12.9795,1,0,0,1,2.3669999999999973
-20.2219,12.3264,13.0612,1,0,0,1,2.3999999999999986
-20.1723,12.5196,5.98391,1,0,0,1,2.433
-20.0643,12.6999,6.30421,1,0,0,1,2.4669999999999987
-20.1056,12.8055,3.40133,1,0,0,1,2.5
-19.7608,12.9549,11.2728,1,0,0,1,2.5330000000000013
-19.7412,13.032,2.3887,1,0,0,1,2.567
-19.6641,13.0898,2.89153,1,0,0,1,2.6000000000000014
-19.5813,13.128,2.7363,1,0,0,1,2.6330000000000027
-19.5124,13.1326,2.07148,1,0,0,1,2.6670000000000016
-19.4933,13.0564,2.3564,1,0,0,1,2.700000000000003
-19.5325,12.904,4.72278,1,0,0,1,2.732999999999997
-19.5176,12.8236,2.45328,1,0,0,1,2.767000000000003
-19.2123,12.0675,24.4593,1,0,0,0,2.799999999999997
-18.9995,11.7896,10.5024,1,0,0,1,2.8329999999999984
-18.8147,11.4827,10.7466,1,0,0,1,2.8669999999999973
-18.7104,11.2553,7.5079,1,0,0,1,2.8999999999999986
-18.7181,11.1592,2.8906,1,0,0,1,2.933
-18.9647,11.7409,18.9544,1,0,0,1,2.9669999999999987
-19.0137,11.9139,5.39383,1,0,0,1,3.0
-19.0847,12.0762,5.31608,1,0,0,1,3.0330000000000013
-19.1459,12.2164,4.58897,1,0,0,1,3.067
-19.1634,12.3473,3.95988,1,0,0,1,3.1000000000000014
-19.1546,12.4626,3.46864,1,0,0,1,3.1330000000000027
-19.1854,12.5183,1.91188,1,0,0,1,3.1670000000000016
-19.1922,12.5552,1.12264,1,0,0,1,3.200000000000003
-19.2006,12.5523,0.268415,0,1,0,1,3.232999999999997
-19.2363,12.4793,2.43687,0,1,0,1,3.267000000000003
-19.0933,12.4753,4.29127,1,0,0,1,3.299999999999997
-18.7508,12.524,10.3782,1,0,0,1,3.3329999999999984
-17.2936,12.8854,45.042,1,0,0,0,3.3669999999999973
-15.2243,13.3496,63.6229,1,0,0,0,3.3999999999999986
-12.7774,13.815,74.7239,1,0,0,0,3.433
-9.98464,14.1898,84.532,1,0,0,0,3.4669999999999987
-6.94347,14.3687,91.3938,1,0,0,0,3.5
-3.97643,14.3182,89.0248,1,0,0,1,3.5330000000000013
-0.919947,13.8758,92.6483,1,0,0,1,3.567
1.77053,13.2937,82.583,1,0,0,1,3.6000000000000014
4.26489,12.4888,78.6306,1,0,0,1,3.6330000000000027
6.36794,11.4683,70.1259,1,0,0,1,3.6670000000000016
8.19618,10.2668,65.6318,1,0,0,1,3.700000000000003
9.69969,9.07587,57.5415,1,0,0,1,3.732999999999997
10.937,7.79074,53.5186,1,0,0,1,3.767000000000003
12.0176,6.34992,54.0302,1,0,0,1,3.799999999999997
13.0513,4.72758,57.7097,1,0,0,1,3.8329999999999984
13.8249,3.18863,51.6741,1,0,0,1,3.8669999999999973
14.4874,1.31223,59.6969,1,0,0,1,3.8999999999999986
14.9362,-0.442418,54.3345,1,0,0,1,3.933
15.2378,-2.14832,51.9712,1,0,0,1,3.9669999999999987
15.4624,-3.26442,34.1536,1,0,0,1,4.0
15.5873,-4.64635,41.6275,1,0,0,1,4.033000000000001
-,-,,1,0,0,1,4.066999999999993
-,-,,1,0,0,0,4.099999999999994
-,-,,1,0,0,0,4.132999999999996
-,-,,1,0,0,0,4.167000000000002
-,-,,1,0,0,0,4.200000000000003
1.14584,-6.86313,,-,-,-,-,4.233000000000004
0.675173,-7.12751,16.1955,1,0,-,-,4.266999999999996
1.24077,-6.34251,29.0264,1,0,0,0,4.299999999999997
1.2934,-5.77904,16.9774,1,0,0,0,4.332999999999998
-,-,,1,0,0,0,4.367000000000004
-,-,,1,0,0,0,4.400000000000006
-,-,,1,0,0,0,4.433000000000007
-,-,,1,0,0,0,4.466999999999999
-,-,,1,0,0,0,4.5
-,-,,-,-,-,-,4.533000000000001
-,-,,-,-,-,-,4.566999999999993
-,-,,-,-,-,-,4.599999999999994
-,-,,-,-,-,-,4.632999999999996
-,-,,-,-,-,-,4.667000000000002
-,-,,-,-,-,-,4.700000000000003
-,-,,-,-,-,-,4.733000000000004
-,-,,-,-,-,-,4.766999999999996
-,-,,-,-,-,-,4.799999999999997
-14.749,9.64841,,-,-,-,-,4.832999999999998
-16.3333,9.83225,47.8487,1,0,-,-,4.867000000000004
-17.2661,8.89223,39.7284,1,0,0,0,4.900000000000006
-8.29272,2.83573,324.785,1,0,0,0,4.933000000000007
-9.03185,2.65843,22.8032,1,0,0,1,4.966999999999999
-10.6225,3.32493,51.7373,1,0,0,1,5.0
-12.1798,3.67028,47.8565,1,0,0,1,5.033000000000001
-13.1519,3.23023,32.0101,1,0,0,1,5.066999999999993
-12.8369,3.13627,9.86166,1,0,0,1,5.099999999999994
-13.5625,4.89193,56.9899,1,0,0,1,5.132999999999996
-12.6801,6.08492,44.5158,1,0,0,1,5.167000000000002
-11.774,5.74951,28.987,1,0,0,1,5.200000000000003
-10.5036,6.15482,40.0037,1,0,0,1,5.233000000000004
-9.14707,6.43911,41.5799,1,0,0,1,5.266999999999996
-7.86215,6.60125,38.8536,1,0,0,1,5.299999999999997
-7.00905,6.80902,26.3404,1,0,0,1,5.332999999999998
-6.16239,6.81195,25.4003,1,0,0,1,5.367000000000004
-5.67076,6.80592,14.7501,1,0,0,1,5.400000000000006
-5.1888,6.70709,14.76,1,0,0,1,5.433000000000007
-5.31875,6.7505,4.11019,1,0,0,1,5.466999999999999
-5.37384,6.83802,3.10257,1,0,0,1,5.5
-4.98823,6.79088,11.6546,1,0,0,1,5.533000000000001
-4.76259,6.70301,7.26397,1,0,0,1,5.566999999999993
-4.85742,6.55766,5.20642,1,0,0,1,5.599999999999994
-4.91421,6.38514,5.44874,1,0,0,1,5.632999999999996
-5.13312,6.3362,6.7293,1,0,0,1,5.667000000000002
3.76401,3.24905,282.528,1,0,0,0,5.700000000000003
4.63437,3.5147,27.3003,1,0,0,0,5.733000000000004
5.99154,3.28198,41.3098,1,0,0,0,5.766999999999996
2.21157,4.97829,124.292,1,0,0,0,5.799999999999997
2.43667,5.02471,6.89529,1,0,0,0,5.832999999999998
5.20202,4.25799,86.091,1,0,0,0,5.867000000000004
2.09813,5.2118,97.4122,1,0,0,0,5.900000000000006
-3.97922,7.23064,192.119,1,0,0,0,5.933000000000007
-7.50358,8.39563,111.359,1,0,0,0,5.966999999999999
-5.06265,7.31551,80.0753,1,0,0,0,6.0
-4.5732,6.77063,21.9733,1,0,0,0,6.033000000000001
-0.350536,5.03688,136.943,1,0,0,0,6.066999999999993
-3.64205,6.05165,103.333,1,0,0,0,6.099999999999994
-3.8607,5.90851,7.83989,1,0,0,1,6.132999999999996
-3.3413,5.3735,22.3702,1,0,0,1,6.167000000000002
-3.22597,5.24715,5.13222,1,0,0,1,6.200000000000003
-3.04593,5.20434,5.5518,1,0,0,1,6.233000000000004
-2.80011,5.24288,7.46465,1,0,0,1,6.266999999999996
-2.65101,5.38329,6.14422,1,0,0,1,6.299999999999997
-2.43757,5.508,7.41605,1,0,0,1,6.332999999999998
-2.83506,5.99675,18.8997,1,0,0,1,6.367000000000004
1.73466,4.60943,143.271,1,0,0,0,6.400000000000006
3.23946,4.22756,46.5754,1,0,0,0,6.433000000000007
0.828083,4.96899,75.6822,1,0,0,0,6.466999999999999
-4.48579,6.77014,168.327,1,0,0,0,6.5
-1.78281,5.73387,86.8453,1,0,0,0,6.533000000000001
-2.32581,5.79011,16.3769,1,0,0,1,6.566999999999993
-2.92582,5.88386,18.2186,1,0,0,1,6.599999999999994
-3.92578,6.22144,31.6625,1,0,0,1,6.632999999999996
-4.50037,6.34849,17.6537,1,0,0,1,6.667000000000002
-5.2506,6.53638,23.2024,1,0,0,1,6.700000000000003
-6.6319,7.22245,46.2692,1,0,0,1,6.733000000000004
-6.4536,7.01676,8.1665,1,0,0,1,6.766999999999996
-6.60599,7.10013,5.21097,1,0,0,1,6.799999999999997
-6.64251,7.1794,2.61825,1,0,0,1,6.832999999999998
-6.59107,7.25437,2.7277,1,0,0,1,6.867000000000004
-6.46925,7.32171,4.17574,1,0,0,1,6.900000000000006
-6.34642,7.39522,4.29432,1,0,0,1,6.933000000000007
-6.15516,7.40134,5.74072,1,0,0,1,6.966999999999999
-6.0617,7.42932,2.92662,1,0,0,1,7.0
-6.69925,7.88841,23.5693,1,0,0,1,7.033000000000001
-6.23227,7.51925,17.8583,1,0,0,1,7.066999999999993
-6.21837,7.41345,3.20117,1,0,0,1,7.099999999999994
-6.21428,7.29845,3.4521,1,0,0,1,7.132999999999996
-6.21167,7.18394,3.43625,1,0,0,1,7.167000000000002
-6.34986,7.16149,4.20009,1,0,0,1,7.200000000000003
-6.3859,7.10752,1.94702,1,0,0,1,7.233000000000004
-6.39204,7.05448,1.60166,1,0,0,1,7.266999999999996
-6.57144,7.19882,6.90785,1,0,0,1,7.299999999999997
-0.491042,4.91354,194.866,1,0,0,0,7.332999999999998
-2.3163,5.47076,57.2531,1,0,0,0,7.367000000000004
-7.07548,6.87915,148.898,1,0,0,0,7.400000000000006
-3.25929,5.67946,120.011,1,0,0,1,7.433000000000007
-2.98768,5.63453,8.25883,1,0,0,1,7.466999999999999
-2.6989,5.57035,8.87495,1,0,0,1,7.5
-2.39001,5.51412,9.41914,1,0,0,1,7.533000000000001
-2.10362,5.44171,8.86191,1,0,0,1,7.566999999999993
-2.01006,5.4526,2.82572,1,0,0,1,7.599999999999994
2.16234,4.15738,131.066,1,0,0,0,7.632999999999996
3.14323,3.71049,32.3362,1,0,0,0,7.667000000000002
0.497681,4.50184,82.8421,1,0,0,0,7.700000000000003
-0.0307026,4.5754,16.0045,1,0,0,1,7.733000000000004
-0.638635,4.7156,18.7169,1,0,0,1,7.766999999999996
-1.11783,4.82995,14.7793,1,0,0,1,7.799999999999997
-1.58746,4.99169,14.901,1,0,0,1,7.832999999999998
-1.8842,5.1153,9.64397,1,0,0,1,7.867000000000004
-2.04813,5.23188,6.03448,1,0,0,1,7.900000000000006
1.79711,4.09024,120.335,1,0,0,0,7.933000000000007
2.94422,3.74222,35.9624,1,0,0,0,7.966999999999999
3.97972,3.37271,32.983,1,0,0,0,8.0
4.48328,3.14399,16.5921,1,0,0,0,8.033000000000001
1.68941,4.07271,88.3263,1,0,0,0,8.066999999999993
0.877985,4.32385,25.4823,1,0,0,1,8.099999999999994
0.00784238,4.60514,27.4338,1,0,0,1,8.132999999999996
-0.798204,4.85712,25.3357,1,0,0,1,8.167000000000002
-1.44272,5.05036,20.186,1,0,0,1,8.200000000000003
-2.07867,5.23852,19.8957,1,0,0,1,8.233000000000004
-2.65678,5.41138,18.1022,1,0,0,1,8.266999999999996
-3.15572,5.53829,15.4449,1,0,0,1,8.299999999999997
-3.77893,5.72426,19.5107,1,0,0,1,8.332999999999998
-4.56427,6.01937,25.169,1,0,0,1,8.367000000000004
-4.95721,6.19037,12.856,1,0,0,1,8.400000000000006
-5.18676,6.31898,7.89374,1,0,0,1,8.433000000000007
-5.28604,6.39548,3.76014,1,0,0,1,8.466999999999999
-5.37616,6.48257,3.75963,1,0,0,1,8.5
-5.36039,6.51425,1.06138,1,0,0,1,8.533000000000001
-5.30929,6.51887,1.53938,1,0,0,1,8.566999999999993
-5.22283,6.49305,2.70696,1,0,0,1,8.599999999999994
-5.1672,6.44604,2.18511,1,0,0,1,8.632999999999996
-5.16572,6.40626,1.19417,1,0,0,1,8.667000000000002
-5.20416,6.3876,1.28189,0,1,0,1,8.700000000000003
-5.2,6.3752,0.392377,0,1,0,1,8.733000000000004
-5.21659,6.36557,0.575408,0,1,0,1,8.766999999999996
-5.24147,6.37052,0.760943,0,1,0,1,8.799999999999997
-5.22784,6.36845,0.413631,0,1,0,1,8.832999999999998
-5.21465,6.36816,0.395791,0,1,0,1,8.867000000000004
-5.17317,6.35416,1.31335,0,1,0,1,8.900000000000006
-5.16936,6.35616,0.128861,0,1,0,1,8.933000000000007
-3.59338,5.74242,50.7387,1,0,0,0,8.966999999999999
-2.96916,5.49952,20.0941,1,0,0,0,9.0
-2.50798,5.34024,14.6373,1,0,0,0,9.033000000000001
-2.1229,5.20251,12.2692,1,0,0,0,9.066999999999993
-1.9036,5.12952,6.93407,1,0,0,0,9.099999999999994
-1.65364,5.04948,7.87358,1,0,0,0,9.132999999999996
-1.47758,4.99595,5.52073,1,0,0,0,9.167000000000002
2.33612,3.74606,120.4,1,0,0,0,9.200000000000003
-0.194864,4.50983,79.3099,1,0,0,0,9.233000000000004
-0.399378,4.51185,6.13577,1,0,0,0,9.266999999999996
-6.15473,6.17648,179.739,1,0,0,0,9.299999999999997
-3.02679,5.27242,97.6774,1,0,0,0,9.332999999999998
-3.13486,5.32977,3.6704,1,0,0,0,9.367000000000004
-3.01816,5.34105,3.51733,1,0,0,0,9.400000000000006
-2.77739,5.31678,7.25969,1,0,0,0,9.433000000000007
-2.45193,5.27793,9.83304,1,0,0,0,9.466999999999999
-2.22211,5.24961,6.9468,1,0,0,0,9.5
1.61874,4.0343,120.857,1,0,0,0,9.533000000000001
2.65979,3.62886,33.5156,1,0,0,0,9.566999999999993
0.448739,4.34437,69.7188,1,0,0,0,9.599999999999994
0.0692018,4.46039,11.9063,1,0,0,1,9.632999999999996
-0.438018,4.62002,15.9521,1,0,0,1,9.667000000000002
-0.933712,4.77081,15.5439,1,0,0,1,9.700000000000003
-1.26752,4.85156,10.3033,1,0,0,1,9.733000000000004
-1.54648,4.94565,8.83184,1,0,0,1,9.766999999999996
-1.76257,5.04218,7.10013,1,0,0,1,9.799999999999997
-2.05353,5.10968,8.96063,1,0,0,1,9.832999999999998
-2.28308,5.1407,6.94906,1,0,0,1,9.867000000000004
-2.61218,5.2245,10.1878,1,0,0,1,9.900000000000006
-3.05862,5.39048,14.2891,1,0,0,1,9.933000000000007
-3.59012,5.57506,16.8795,1,0,0,1,9.966999999999999
-4.1638,5.80219,18.5098,1,0,0,1,10.0
